image_name,patient_id,sex,age_approx,anatom_site_general_challenge,diagnosis,benign_malignant,target
ISIC_2637011,IP_7279968,male,45.0,head/neck,unknown,benign,0
ISIC_0015719,IP_3075186,female,45.0,upper extremity,unknown,benign,0
ISIC_0052212,IP_2842074,female,50.0,lower extremity,nevus,benign,0
ISIC_0068279,IP_6890425,female,45.0,head/neck,unknown,benign,0
ISIC_0074268,IP_8723313,female,55.0,upper extremity,unknown,benign,0
ISIC_0074311,IP_2950485,female,40.0,lower extremity,unknown,benign,0
ISIC_0074542,IP_4698288,male,25.0,lower extremity,unknown,benign,0
ISIC_0075663,IP_6017204,female,35.0,torso,unknown,benign,0
ISIC_0075914,IP_7622888,male,30.0,torso,unknown,benign,0
ISIC_0076262,IP_5075533,female,50.0,lower extremity,unknown,benign,0
ISIC_0076545,IP_9802602,male,55.0,upper extremity,unknown,benign,0
ISIC_0076742,IP_2318163,male,75.0,upper extremity,unknown,benign,0
ISIC_0076995,IP_2235340,female,55.0,torso,nevus,benign,0
ISIC_0077472,IP_3691360,female,40.0,torso,unknown,benign,0
ISIC_0077735,IP_1109756,male,70.0,torso,unknown,benign,0
ISIC_0078703,IP_7279968,male,45.0,torso,unknown,benign,0
ISIC_0078712,IP_2189124,male,40.0,lower extremity,unknown,benign,0
ISIC_0079038,IP_5295861,male,70.0,torso,unknown,benign,0
ISIC_0080512,IP_1870306,male,75.0,torso,unknown,benign,0
ISIC_0080752,IP_2613684,male,50.0,torso,unknown,benign,0
ISIC_0080817,IP_7318404,male,50.0,lower extremity,unknown,benign,0
ISIC_0081956,IP_2010919,female,50.0,upper extremity,unknown,benign,0
ISIC_0082348,IP_7684360,male,55.0,torso,unknown,benign,0
ISIC_0082543,IP_9463965,female,30.0,torso,unknown,benign,0
ISIC_0082934,IP_6572129,male,65.0,torso,unknown,benign,0
ISIC_0083035,IP_5805281,male,50.0,torso,unknown,benign,0
ISIC_0084086,IP_4023055,male,60.0,lower extremity,nevus,benign,0
ISIC_0084270,IP_2961528,male,40.0,lower extremity,nevus,benign,0
ISIC_0084395,IP_0175539,female,45.0,torso,nevus,benign,0
ISIC_0085172,IP_1705144,female,50.0,lower extremity,unknown,benign,0
ISIC_0149568,IP_0962375,female,55.0,upper extremity,melanoma,malignant,1
ISIC_0188432,IP_0135517,female,50.0,upper extremity,melanoma,malignant,1
ISIC_0207268,IP_7735373,male,55.0,torso,melanoma,malignant,1
ISIC_0232101,IP_8349964,male,65.0,torso,melanoma,malignant,1
ISIC_0247330,IP_3232631,female,65.0,lower extremity,melanoma,malignant,1
ISIC_0250839,IP_6234053,male,75.0,head/neck,melanoma,malignant,1
ISIC_0272509,IP_0408084,female,35.0,lower extremity,melanoma,malignant,1
ISIC_0273046,IP_3293726,male,80.0,torso,melanoma,malignant,1
ISIC_0274382,IP_7600629,male,65.0,torso,melanoma,malignant,1
ISIC_0275828,IP_7252102,male,30.0,lower extremity,melanoma,malignant,1
ISIC_0280912,IP_5831170,male,70.0,torso,melanoma,malignant,1
ISIC_0286360,IP_7729044,male,60.0,upper extremity,melanoma,malignant,1
ISIC_0327406,IP_7069391,male,40.0,upper extremity,melanoma,malignant,1
ISIC_0333091,IP_6868151,male,25.0,lower extremity,melanoma,malignant,1
ISIC_0337631,IP_2041319,female,55.0,torso,melanoma,malignant,1
ISIC_0351666,IP_1665515,male,80.0,head/neck,melanoma,malignant,1
ISIC_0369831,IP_3237442,male,80.0,upper extremity,melanoma,malignant,1
ISIC_0489267,IP_8171851,female,60.0,lower extremity,melanoma,malignant,1
ISIC_0502582,IP_9175987,male,65.0,lower extremity,melanoma,malignant,1
ISIC_0504165,IP_3675183,female,60.0,lower extremity,melanoma,malignant,1
ISIC_0528044,IP_7666205,male,65.0,torso,melanoma,malignant,1
ISIC_0533122,IP_9329623,male,75.0,lower extremity,melanoma,malignant,1
ISIC_0559335,IP_6067392,male,60.0,torso,melanoma,malignant,1
ISIC_0572205,IP_6614604,male,20.0,torso,melanoma,malignant,1
ISIC_0599605,IP_6130936,male,70.0,upper extremity,melanoma,malignant,1
ISIC_0624498,IP_9997715,female,80.0,torso,melanoma,malignant,1
ISIC_0639769,IP_2412574,male,65.0,head/neck,melanoma,malignant,1
ISIC_0645454,IP_2594106,male,90.0,upper extremity,melanoma,malignant,1
ISIC_0647224,IP_5064161,male,30.0,lower extremity,melanoma,malignant,1
ISIC_0662000,IP_2947490,male,40.0,torso,melanoma,malignant,1
